<?xml version="1.0" encoding="UTF-8"?>
<zabbix_export>
    <version>3.0</version>
    <date>2017-01-25T00:36:29Z</date>
    <groups>
        <group>
            <name>Templates</name>
        </group>
    </groups>
    <templates>
        <template>
            <template>Qiueer-Template JMX Tomcat With IO-BIO</template>
            <name>Qiueer-Template JMX Tomcat With IO-BIO</name>
            <description/>
            <groups>
                <group>
                    <name>Templates</name>
                </group>
            </groups>
            <applications>
                <application>
                    <name>Sessions</name>
                </application>
                <application>
                    <name>Tomcat</name>
                </application>
            </applications>
            <items/>
            <discovery_rules>
                <discovery_rule>
                    <name>Qiueer-LLD-JMX-Tomcat</name>
                    <type>0</type>
                    <snmp_community/>
                    <snmp_oid/>
                    <key>jmx.tomcat.discovery</key>
                    <delay>60</delay>
                    <status>0</status>
                    <allowed_hosts/>
                    <snmpv3_contextname/>
                    <snmpv3_securityname/>
                    <snmpv3_securitylevel>0</snmpv3_securitylevel>
                    <snmpv3_authprotocol>0</snmpv3_authprotocol>
                    <snmpv3_authpassphrase/>
                    <snmpv3_privprotocol>0</snmpv3_privprotocol>
                    <snmpv3_privpassphrase/>
                    <delay_flex/>
                    <params/>
                    <ipmi_sensor/>
                    <authtype>0</authtype>
                    <username/>
                    <password/>
                    <publickey/>
                    <privatekey/>
                    <port/>
                    <filter>
                        <evaltype>0</evaltype>
                        <formula/>
                        <conditions>
                            <condition>
                                <macro>{#JVMPORT}</macro>
                                <value/>
                                <operator>8</operator>
                                <formulaid>C</formulaid>
                            </condition>
                            <condition>
                                <macro>{#BIZPORT}</macro>
                                <value/>
                                <operator>8</operator>
                                <formulaid>A</formulaid>
                            </condition>
                            <condition>
                                <macro>{#DIRNAME}</macro>
                                <value/>
                                <operator>8</operator>
                                <formulaid>B</formulaid>
                            </condition>
                        </conditions>
                    </filter>
                    <lifetime>30</lifetime>
                    <description/>
                    <item_prototypes>
                        <item_prototype>
                            <name>[{#JVMPORT}][{#BIZPORT}] bytes received per second</name>
                            <type>0</type>
                            <snmp_community/>
                            <multiplier>0</multiplier>
                            <snmp_oid/>
                            <key>jmx.tomcat.item[&quot;Catalina:type=GlobalRequestProcessor,name=http-bio-{#BIZPORT}&quot;,bytesReceived,{#JVMPORT}]</key>
                            <delay>60</delay>
                            <history>90</history>
                            <trends>365</trends>
                            <status>0</status>
                            <value_type>0</value_type>
                            <allowed_hosts/>
                            <units>B</units>
                            <delta>1</delta>
                            <snmpv3_contextname/>
                            <snmpv3_securityname/>
                            <snmpv3_securitylevel>0</snmpv3_securitylevel>
                            <snmpv3_authprotocol>0</snmpv3_authprotocol>
                            <snmpv3_authpassphrase/>
                            <snmpv3_privprotocol>0</snmpv3_privprotocol>
                            <snmpv3_privpassphrase/>
                            <formula>1</formula>
                            <delay_flex/>
                            <params/>
                            <ipmi_sensor/>
                            <data_type>0</data_type>
                            <authtype>0</authtype>
                            <username/>
                            <password/>
                            <publickey/>
                            <privatekey/>
                            <port/>
                            <description/>
                            <inventory_link>0</inventory_link>
                            <applications>
                                <application>
                                    <name>Tomcat</name>
                                </application>
                            </applications>
                            <valuemap/>
                            <logtimefmt/>
                            <application_prototypes/>
                        </item_prototype>
                        <item_prototype>
                            <name>[{#JVMPORT}][{#BIZPORT}] bytes sent per second</name>
                            <type>0</type>
                            <snmp_community/>
                            <multiplier>0</multiplier>
                            <snmp_oid/>
                            <key>jmx.tomcat.item[&quot;Catalina:type=GlobalRequestProcessor,name=http-bio-{#BIZPORT}&quot;,bytesSent,{#JVMPORT}]</key>
                            <delay>60</delay>
                            <history>90</history>
                            <trends>365</trends>
                            <status>0</status>
                            <value_type>0</value_type>
                            <allowed_hosts/>
                            <units>B</units>
                            <delta>1</delta>
                            <snmpv3_contextname/>
                            <snmpv3_securityname/>
                            <snmpv3_securitylevel>0</snmpv3_securitylevel>
                            <snmpv3_authprotocol>0</snmpv3_authprotocol>
                            <snmpv3_authpassphrase/>
                            <snmpv3_privprotocol>0</snmpv3_privprotocol>
                            <snmpv3_privpassphrase/>
                            <formula>1</formula>
                            <delay_flex/>
                            <params/>
                            <ipmi_sensor/>
                            <data_type>0</data_type>
                            <authtype>0</authtype>
                            <username/>
                            <password/>
                            <publickey/>
                            <privatekey/>
                            <port/>
                            <description/>
                            <inventory_link>0</inventory_link>
                            <applications>
                                <application>
                                    <name>Tomcat</name>
                                </application>
                            </applications>
                            <valuemap/>
                            <logtimefmt/>
                            <application_prototypes/>
                        </item_prototype>
                        <item_prototype>
                            <name>[{#JVMPORT}][{#BIZPORT}] errors per second</name>
                            <type>0</type>
                            <snmp_community/>
                            <multiplier>0</multiplier>
                            <snmp_oid/>
                            <key>jmx.tomcat.item[&quot;Catalina:type=GlobalRequestProcessor,name=http-bio-{#BIZPORT}&quot;,errorCount,{#JVMPORT}]</key>
                            <delay>60</delay>
                            <history>90</history>
                            <trends>365</trends>
                            <status>0</status>
                            <value_type>0</value_type>
                            <allowed_hosts/>
                            <units/>
                            <delta>1</delta>
                            <snmpv3_contextname/>
                            <snmpv3_securityname/>
                            <snmpv3_securitylevel>0</snmpv3_securitylevel>
                            <snmpv3_authprotocol>0</snmpv3_authprotocol>
                            <snmpv3_authpassphrase/>
                            <snmpv3_privprotocol>0</snmpv3_privprotocol>
                            <snmpv3_privpassphrase/>
                            <formula>1</formula>
                            <delay_flex/>
                            <params/>
                            <ipmi_sensor/>
                            <data_type>0</data_type>
                            <authtype>0</authtype>
                            <username/>
                            <password/>
                            <publickey/>
                            <privatekey/>
                            <port/>
                            <description/>
                            <inventory_link>0</inventory_link>
                            <applications>
                                <application>
                                    <name>Tomcat</name>
                                </application>
                            </applications>
                            <valuemap/>
                            <logtimefmt/>
                            <application_prototypes/>
                        </item_prototype>
                        <item_prototype>
                            <name>[{#JVMPORT}][{#BIZPORT}] request processing time</name>
                            <type>0</type>
                            <snmp_community/>
                            <multiplier>1</multiplier>
                            <snmp_oid/>
                            <key>jmx.tomcat.item[&quot;Catalina:type=GlobalRequestProcessor,name=http-bio-{#BIZPORT}&quot;,processingTime,{#JVMPORT}]</key>
                            <delay>60</delay>
                            <history>90</history>
                            <trends>365</trends>
                            <status>0</status>
                            <value_type>0</value_type>
                            <allowed_hosts/>
                            <units>s</units>
                            <delta>1</delta>
                            <snmpv3_contextname/>
                            <snmpv3_securityname/>
                            <snmpv3_securitylevel>0</snmpv3_securitylevel>
                            <snmpv3_authprotocol>0</snmpv3_authprotocol>
                            <snmpv3_authpassphrase/>
                            <snmpv3_privprotocol>0</snmpv3_privprotocol>
                            <snmpv3_privpassphrase/>
                            <formula>0.001</formula>
                            <delay_flex/>
                            <params/>
                            <ipmi_sensor/>
                            <data_type>0</data_type>
                            <authtype>0</authtype>
                            <username/>
                            <password/>
                            <publickey/>
                            <privatekey/>
                            <port/>
                            <description/>
                            <inventory_link>0</inventory_link>
                            <applications>
                                <application>
                                    <name>Tomcat</name>
                                </application>
                            </applications>
                            <valuemap/>
                            <logtimefmt/>
                            <application_prototypes/>
                        </item_prototype>
                        <item_prototype>
                            <name>[{#JVMPORT}][{#BIZPORT}] requests per second</name>
                            <type>0</type>
                            <snmp_community/>
                            <multiplier>0</multiplier>
                            <snmp_oid/>
                            <key>jmx.tomcat.item[&quot;Catalina:type=GlobalRequestProcessor,name=http-bio-{#BIZPORT}&quot;,requestCount,{#JVMPORT}]</key>
                            <delay>60</delay>
                            <history>90</history>
                            <trends>365</trends>
                            <status>0</status>
                            <value_type>0</value_type>
                            <allowed_hosts/>
                            <units/>
                            <delta>1</delta>
                            <snmpv3_contextname/>
                            <snmpv3_securityname/>
                            <snmpv3_securitylevel>0</snmpv3_securitylevel>
                            <snmpv3_authprotocol>0</snmpv3_authprotocol>
                            <snmpv3_authpassphrase/>
                            <snmpv3_privprotocol>0</snmpv3_privprotocol>
                            <snmpv3_privpassphrase/>
                            <formula>1</formula>
                            <delay_flex/>
                            <params/>
                            <ipmi_sensor/>
                            <data_type>0</data_type>
                            <authtype>0</authtype>
                            <username/>
                            <password/>
                            <publickey/>
                            <privatekey/>
                            <port/>
                            <description/>
                            <inventory_link>0</inventory_link>
                            <applications>
                                <application>
                                    <name>Tomcat</name>
                                </application>
                            </applications>
                            <valuemap/>
                            <logtimefmt/>
                            <application_prototypes/>
                        </item_prototype>
                        <item_prototype>
                            <name>[{#JVMPORT}][{#BIZPORT}] $2</name>
                            <type>0</type>
                            <snmp_community/>
                            <multiplier>0</multiplier>
                            <snmp_oid/>
                            <key>jmx.tomcat.item[&quot;Catalina:type=Manager,path=/,host=localhost&quot;,activeSessions,{#JVMPORT}]</key>
                            <delay>60</delay>
                            <history>90</history>
                            <trends>365</trends>
                            <status>0</status>
                            <value_type>3</value_type>
                            <allowed_hosts/>
                            <units/>
                            <delta>1</delta>
                            <snmpv3_contextname/>
                            <snmpv3_securityname/>
                            <snmpv3_securitylevel>0</snmpv3_securitylevel>
                            <snmpv3_authprotocol>0</snmpv3_authprotocol>
                            <snmpv3_authpassphrase/>
                            <snmpv3_privprotocol>0</snmpv3_privprotocol>
                            <snmpv3_privpassphrase/>
                            <formula>1</formula>
                            <delay_flex/>
                            <params/>
                            <ipmi_sensor/>
                            <data_type>0</data_type>
                            <authtype>0</authtype>
                            <username/>
                            <password/>
                            <publickey/>
                            <privatekey/>
                            <port/>
                            <description/>
                            <inventory_link>0</inventory_link>
                            <applications>
                                <application>
                                    <name>Sessions</name>
                                </application>
                            </applications>
                            <valuemap/>
                            <logtimefmt/>
                            <application_prototypes/>
                        </item_prototype>
                        <item_prototype>
                            <name>[{#JVMPORT}][{#BIZPORT}] $2</name>
                            <type>0</type>
                            <snmp_community/>
                            <multiplier>0</multiplier>
                            <snmp_oid/>
                            <key>jmx.tomcat.item[&quot;Catalina:type=Manager,path=/,host=localhost&quot;,maxActive,{#JVMPORT}]</key>
                            <delay>60</delay>
                            <history>90</history>
                            <trends>365</trends>
                            <status>0</status>
                            <value_type>3</value_type>
                            <allowed_hosts/>
                            <units/>
                            <delta>1</delta>
                            <snmpv3_contextname/>
                            <snmpv3_securityname/>
                            <snmpv3_securitylevel>0</snmpv3_securitylevel>
                            <snmpv3_authprotocol>0</snmpv3_authprotocol>
                            <snmpv3_authpassphrase/>
                            <snmpv3_privprotocol>0</snmpv3_privprotocol>
                            <snmpv3_privpassphrase/>
                            <formula>1</formula>
                            <delay_flex/>
                            <params/>
                            <ipmi_sensor/>
                            <data_type>0</data_type>
                            <authtype>0</authtype>
                            <username/>
                            <password/>
                            <publickey/>
                            <privatekey/>
                            <port/>
                            <description/>
                            <inventory_link>0</inventory_link>
                            <applications>
                                <application>
                                    <name>Tomcat</name>
                                </application>
                            </applications>
                            <valuemap/>
                            <logtimefmt/>
                            <application_prototypes/>
                        </item_prototype>
                        <item_prototype>
                            <name>[{#JVMPORT}][{#BIZPORT}] $2</name>
                            <type>0</type>
                            <snmp_community/>
                            <multiplier>0</multiplier>
                            <snmp_oid/>
                            <key>jmx.tomcat.item[&quot;Catalina:type=Manager,path=/,host=localhost&quot;,maxActiveSessions,{#JVMPORT}]</key>
                            <delay>60</delay>
                            <history>90</history>
                            <trends>365</trends>
                            <status>0</status>
                            <value_type>3</value_type>
                            <allowed_hosts/>
                            <units/>
                            <delta>1</delta>
                            <snmpv3_contextname/>
                            <snmpv3_securityname/>
                            <snmpv3_securitylevel>0</snmpv3_securitylevel>
                            <snmpv3_authprotocol>0</snmpv3_authprotocol>
                            <snmpv3_authpassphrase/>
                            <snmpv3_privprotocol>0</snmpv3_privprotocol>
                            <snmpv3_privpassphrase/>
                            <formula>1</formula>
                            <delay_flex/>
                            <params/>
                            <ipmi_sensor/>
                            <data_type>0</data_type>
                            <authtype>0</authtype>
                            <username/>
                            <password/>
                            <publickey/>
                            <privatekey/>
                            <port/>
                            <description/>
                            <inventory_link>0</inventory_link>
                            <applications>
                                <application>
                                    <name>Sessions</name>
                                </application>
                            </applications>
                            <valuemap/>
                            <logtimefmt/>
                            <application_prototypes/>
                        </item_prototype>
                        <item_prototype>
                            <name>[{#JVMPORT}][{#BIZPORT}] $2</name>
                            <type>0</type>
                            <snmp_community/>
                            <multiplier>0</multiplier>
                            <snmp_oid/>
                            <key>jmx.tomcat.item[&quot;Catalina:type=Manager,path=/,host=localhost&quot;,rejectedSessions,{#JVMPORT}]</key>
                            <delay>60</delay>
                            <history>90</history>
                            <trends>365</trends>
                            <status>0</status>
                            <value_type>3</value_type>
                            <allowed_hosts/>
                            <units/>
                            <delta>1</delta>
                            <snmpv3_contextname/>
                            <snmpv3_securityname/>
                            <snmpv3_securitylevel>0</snmpv3_securitylevel>
                            <snmpv3_authprotocol>0</snmpv3_authprotocol>
                            <snmpv3_authpassphrase/>
                            <snmpv3_privprotocol>0</snmpv3_privprotocol>
                            <snmpv3_privpassphrase/>
                            <formula>1</formula>
                            <delay_flex/>
                            <params/>
                            <ipmi_sensor/>
                            <data_type>0</data_type>
                            <authtype>0</authtype>
                            <username/>
                            <password/>
                            <publickey/>
                            <privatekey/>
                            <port/>
                            <description/>
                            <inventory_link>0</inventory_link>
                            <applications>
                                <application>
                                    <name>Sessions</name>
                                </application>
                            </applications>
                            <valuemap/>
                            <logtimefmt/>
                            <application_prototypes/>
                        </item_prototype>
                        <item_prototype>
                            <name>[{#JVMPORT}][{#BIZPORT}] $2</name>
                            <type>0</type>
                            <snmp_community/>
                            <multiplier>0</multiplier>
                            <snmp_oid/>
                            <key>jmx.tomcat.item[&quot;Catalina:type=Manager,path=/,host=localhost&quot;,sessionCounter,{#JVMPORT}]</key>
                            <delay>60</delay>
                            <history>90</history>
                            <trends>365</trends>
                            <status>0</status>
                            <value_type>3</value_type>
                            <allowed_hosts/>
                            <units/>
                            <delta>1</delta>
                            <snmpv3_contextname/>
                            <snmpv3_securityname/>
                            <snmpv3_securitylevel>0</snmpv3_securitylevel>
                            <snmpv3_authprotocol>0</snmpv3_authprotocol>
                            <snmpv3_authpassphrase/>
                            <snmpv3_privprotocol>0</snmpv3_privprotocol>
                            <snmpv3_privpassphrase/>
                            <formula>1</formula>
                            <delay_flex/>
                            <params/>
                            <ipmi_sensor/>
                            <data_type>0</data_type>
                            <authtype>0</authtype>
                            <username/>
                            <password/>
                            <publickey/>
                            <privatekey/>
                            <port/>
                            <description/>
                            <inventory_link>0</inventory_link>
                            <applications>
                                <application>
                                    <name>Sessions</name>
                                </application>
                            </applications>
                            <valuemap/>
                            <logtimefmt/>
                            <application_prototypes/>
                        </item_prototype>
                        <item_prototype>
                            <name>[{#JVMPORT}][{#BIZPORT}] gzip compression</name>
                            <type>0</type>
                            <snmp_community/>
                            <multiplier>0</multiplier>
                            <snmp_oid/>
                            <key>jmx.tomcat.item[&quot;Catalina:type=ProtocolHandler,port={#BIZPORT}&quot;,compression,{#JVMPORT}]</key>
                            <delay>1800</delay>
                            <history>90</history>
                            <trends>0</trends>
                            <status>0</status>
                            <value_type>1</value_type>
                            <allowed_hosts/>
                            <units/>
                            <delta>0</delta>
                            <snmpv3_contextname/>
                            <snmpv3_securityname/>
                            <snmpv3_securitylevel>0</snmpv3_securitylevel>
                            <snmpv3_authprotocol>0</snmpv3_authprotocol>
                            <snmpv3_authpassphrase/>
                            <snmpv3_privprotocol>0</snmpv3_privprotocol>
                            <snmpv3_privpassphrase/>
                            <formula>1</formula>
                            <delay_flex/>
                            <params/>
                            <ipmi_sensor/>
                            <data_type>0</data_type>
                            <authtype>0</authtype>
                            <username/>
                            <password/>
                            <publickey/>
                            <privatekey/>
                            <port/>
                            <description/>
                            <inventory_link>0</inventory_link>
                            <applications>
                                <application>
                                    <name>Tomcat</name>
                                </application>
                            </applications>
                            <valuemap/>
                            <logtimefmt/>
                            <application_prototypes/>
                        </item_prototype>
                        <item_prototype>
                            <name>[{#JVMPORT}][{#BIZPORT}] Tomcat version</name>
                            <type>0</type>
                            <snmp_community/>
                            <multiplier>0</multiplier>
                            <snmp_oid/>
                            <key>jmx.tomcat.item[&quot;Catalina:type=Server&quot;,serverInfo,{#JVMPORT}]</key>
                            <delay>1800</delay>
                            <history>90</history>
                            <trends>0</trends>
                            <status>0</status>
                            <value_type>1</value_type>
                            <allowed_hosts/>
                            <units/>
                            <delta>0</delta>
                            <snmpv3_contextname/>
                            <snmpv3_securityname/>
                            <snmpv3_securitylevel>0</snmpv3_securitylevel>
                            <snmpv3_authprotocol>0</snmpv3_authprotocol>
                            <snmpv3_authpassphrase/>
                            <snmpv3_privprotocol>0</snmpv3_privprotocol>
                            <snmpv3_privpassphrase/>
                            <formula>1</formula>
                            <delay_flex/>
                            <params/>
                            <ipmi_sensor/>
                            <data_type>0</data_type>
                            <authtype>0</authtype>
                            <username/>
                            <password/>
                            <publickey/>
                            <privatekey/>
                            <port/>
                            <description/>
                            <inventory_link>0</inventory_link>
                            <applications>
                                <application>
                                    <name>Tomcat</name>
                                </application>
                            </applications>
                            <valuemap/>
                            <logtimefmt/>
                            <application_prototypes/>
                        </item_prototype>
                        <item_prototype>
                            <name>[{#JVMPORT}][{#BIZPORT}] threads allocated</name>
                            <type>0</type>
                            <snmp_community/>
                            <multiplier>0</multiplier>
                            <snmp_oid/>
                            <key>jmx.tomcat.item[&quot;Catalina:type=ThreadPool,name=http-bio-{#BIZPORT}&quot;,currentThreadCount,{#JVMPORT}]</key>
                            <delay>60</delay>
                            <history>90</history>
                            <trends>365</trends>
                            <status>0</status>
                            <value_type>3</value_type>
                            <allowed_hosts/>
                            <units/>
                            <delta>1</delta>
                            <snmpv3_contextname/>
                            <snmpv3_securityname/>
                            <snmpv3_securitylevel>0</snmpv3_securitylevel>
                            <snmpv3_authprotocol>0</snmpv3_authprotocol>
                            <snmpv3_authpassphrase/>
                            <snmpv3_privprotocol>0</snmpv3_privprotocol>
                            <snmpv3_privpassphrase/>
                            <formula>1</formula>
                            <delay_flex/>
                            <params/>
                            <ipmi_sensor/>
                            <data_type>0</data_type>
                            <authtype>0</authtype>
                            <username/>
                            <password/>
                            <publickey/>
                            <privatekey/>
                            <port/>
                            <description/>
                            <inventory_link>0</inventory_link>
                            <applications>
                                <application>
                                    <name>Tomcat</name>
                                </application>
                            </applications>
                            <valuemap/>
                            <logtimefmt/>
                            <application_prototypes/>
                        </item_prototype>
                        <item_prototype>
                            <name>[{#JVMPORT}][{#BIZPORT}] threads busy</name>
                            <type>0</type>
                            <snmp_community/>
                            <multiplier>0</multiplier>
                            <snmp_oid/>
                            <key>jmx.tomcat.item[&quot;Catalina:type=ThreadPool,name=http-bio-{#BIZPORT}&quot;,currentThreadsBusy,{#JVMPORT}]</key>
                            <delay>60</delay>
                            <history>90</history>
                            <trends>365</trends>
                            <status>0</status>
                            <value_type>3</value_type>
                            <allowed_hosts/>
                            <units/>
                            <delta>1</delta>
                            <snmpv3_contextname/>
                            <snmpv3_securityname/>
                            <snmpv3_securitylevel>0</snmpv3_securitylevel>
                            <snmpv3_authprotocol>0</snmpv3_authprotocol>
                            <snmpv3_authpassphrase/>
                            <snmpv3_privprotocol>0</snmpv3_privprotocol>
                            <snmpv3_privpassphrase/>
                            <formula>1</formula>
                            <delay_flex/>
                            <params/>
                            <ipmi_sensor/>
                            <data_type>0</data_type>
                            <authtype>0</authtype>
                            <username/>
                            <password/>
                            <publickey/>
                            <privatekey/>
                            <port/>
                            <description/>
                            <inventory_link>0</inventory_link>
                            <applications>
                                <application>
                                    <name>Tomcat</name>
                                </application>
                            </applications>
                            <valuemap/>
                            <logtimefmt/>
                            <application_prototypes/>
                        </item_prototype>
                        <item_prototype>
                            <name>[{#JVMPORT}][{#BIZPORT}] threads max</name>
                            <type>0</type>
                            <snmp_community/>
                            <multiplier>0</multiplier>
                            <snmp_oid/>
                            <key>jmx.tomcat.item[&quot;Catalina:type=ThreadPool,name=http-bio-{#BIZPORT}&quot;,maxThreads,{#JVMPORT}]</key>
                            <delay>60</delay>
                            <history>90</history>
                            <trends>365</trends>
                            <status>0</status>
                            <value_type>3</value_type>
                            <allowed_hosts/>
                            <units/>
                            <delta>1</delta>
                            <snmpv3_contextname/>
                            <snmpv3_securityname/>
                            <snmpv3_securitylevel>0</snmpv3_securitylevel>
                            <snmpv3_authprotocol>0</snmpv3_authprotocol>
                            <snmpv3_authpassphrase/>
                            <snmpv3_privprotocol>0</snmpv3_privprotocol>
                            <snmpv3_privpassphrase/>
                            <formula>1</formula>
                            <delay_flex/>
                            <params/>
                            <ipmi_sensor/>
                            <data_type>0</data_type>
                            <authtype>0</authtype>
                            <username/>
                            <password/>
                            <publickey/>
                            <privatekey/>
                            <port/>
                            <description/>
                            <inventory_link>0</inventory_link>
                            <applications>
                                <application>
                                    <name>Tomcat</name>
                                </application>
                            </applications>
                            <valuemap/>
                            <logtimefmt/>
                            <application_prototypes/>
                        </item_prototype>
                    </item_prototypes>
                    <trigger_prototypes>
                        <trigger_prototype>
                            <expression>{Qiueer-Template JMX Tomcat With IO-BIO:jmx.tomcat.item[&quot;Catalina:type=ThreadPool,name=http-bio-{#BIZPORT}&quot;,currentThreadsBusy,{#JVMPORT}].last(0)} &gt; ({Qiueer-Template JMX Tomcat With IO-BIO:jmx.tomcat.item[&quot;Catalina:type=ThreadPool,name=http-bio-{#BIZPORT}&quot;,maxThreads,{#JVMPORT}].last(0)} * 0.7)</expression>
                            <name>[{#JVMPORT}] 70% http-bio-{#BIZPORT} worker threads busy on {HOST.NAME}</name>
                            <url/>
                            <status>0</status>
                            <priority>2</priority>
                            <description/>
                            <type>0</type>
                            <dependencies/>
                        </trigger_prototype>
                        <trigger_prototype>
                            <expression>{Qiueer-Template JMX Tomcat With IO-BIO:jmx.tomcat.item[&quot;Catalina:type=ProtocolHandler,port={#BIZPORT}&quot;,compression,{#JVMPORT}].str(off)} = 1</expression>
                            <name>[{#JVMPORT}]gzip compression is off for connector http-bio-{#BIZPORT} on {HOST.NAME}</name>
                            <url/>
                            <status>0</status>
                            <priority>1</priority>
                            <description/>
                            <type>0</type>
                            <dependencies/>
                        </trigger_prototype>
                    </trigger_prototypes>
                    <graph_prototypes>
                        <graph_prototype>
                            <name>[ {#JVMPORT}][{#BIZPORT}] sessions /</name>
                            <width>900</width>
                            <height>200</height>
                            <yaxismin>0.0000</yaxismin>
                            <yaxismax>100.0000</yaxismax>
                            <show_work_period>1</show_work_period>
                            <show_triggers>1</show_triggers>
                            <type>0</type>
                            <show_legend>1</show_legend>
                            <show_3d>0</show_3d>
                            <percent_left>0.0000</percent_left>
                            <percent_right>0.0000</percent_right>
                            <ymin_type_1>0</ymin_type_1>
                            <ymax_type_1>0</ymax_type_1>
                            <ymin_item_1>0</ymin_item_1>
                            <ymax_item_1>0</ymax_item_1>
                            <graph_items>
                                <graph_item>
                                    <sortorder>0</sortorder>
                                    <drawtype>0</drawtype>
                                    <color>A54F10</color>
                                    <yaxisside>0</yaxisside>
                                    <calc_fnc>2</calc_fnc>
                                    <type>0</type>
                                    <item>
                                        <host>Qiueer-Template JMX Tomcat With IO-BIO</host>
                                        <key>jmx.tomcat.item[&quot;Catalina:type=Manager,path=/,host=localhost&quot;,activeSessions,{#JVMPORT}]</key>
                                    </item>
                                </graph_item>
                                <graph_item>
                                    <sortorder>1</sortorder>
                                    <drawtype>0</drawtype>
                                    <color>FC6EA3</color>
                                    <yaxisside>0</yaxisside>
                                    <calc_fnc>2</calc_fnc>
                                    <type>0</type>
                                    <item>
                                        <host>Qiueer-Template JMX Tomcat With IO-BIO</host>
                                        <key>jmx.tomcat.item[&quot;Catalina:type=Manager,path=/,host=localhost&quot;,maxActiveSessions,{#JVMPORT}]</key>
                                    </item>
                                </graph_item>
                                <graph_item>
                                    <sortorder>2</sortorder>
                                    <drawtype>0</drawtype>
                                    <color>6C59DC</color>
                                    <yaxisside>0</yaxisside>
                                    <calc_fnc>2</calc_fnc>
                                    <type>0</type>
                                    <item>
                                        <host>Qiueer-Template JMX Tomcat With IO-BIO</host>
                                        <key>jmx.tomcat.item[&quot;Catalina:type=Manager,path=/,host=localhost&quot;,rejectedSessions,{#JVMPORT}]</key>
                                    </item>
                                </graph_item>
                            </graph_items>
                        </graph_prototype>
                        <graph_prototype>
                            <name>[ {#JVMPORT}][{#BIZPORT}] worker threads</name>
                            <width>900</width>
                            <height>200</height>
                            <yaxismin>0.0000</yaxismin>
                            <yaxismax>100.0000</yaxismax>
                            <show_work_period>1</show_work_period>
                            <show_triggers>1</show_triggers>
                            <type>0</type>
                            <show_legend>1</show_legend>
                            <show_3d>0</show_3d>
                            <percent_left>0.0000</percent_left>
                            <percent_right>0.0000</percent_right>
                            <ymin_type_1>0</ymin_type_1>
                            <ymax_type_1>0</ymax_type_1>
                            <ymin_item_1>0</ymin_item_1>
                            <ymax_item_1>0</ymax_item_1>
                            <graph_items>
                                <graph_item>
                                    <sortorder>0</sortorder>
                                    <drawtype>0</drawtype>
                                    <color>1A7C11</color>
                                    <yaxisside>0</yaxisside>
                                    <calc_fnc>2</calc_fnc>
                                    <type>0</type>
                                    <item>
                                        <host>Qiueer-Template JMX Tomcat With IO-BIO</host>
                                        <key>jmx.tomcat.item[&quot;Catalina:type=ThreadPool,name=http-bio-{#BIZPORT}&quot;,currentThreadCount,{#JVMPORT}]</key>
                                    </item>
                                </graph_item>
                                <graph_item>
                                    <sortorder>1</sortorder>
                                    <drawtype>0</drawtype>
                                    <color>F63100</color>
                                    <yaxisside>0</yaxisside>
                                    <calc_fnc>2</calc_fnc>
                                    <type>0</type>
                                    <item>
                                        <host>Qiueer-Template JMX Tomcat With IO-BIO</host>
                                        <key>jmx.tomcat.item[&quot;Catalina:type=ThreadPool,name=http-bio-{#BIZPORT}&quot;,currentThreadsBusy,{#JVMPORT}]</key>
                                    </item>
                                </graph_item>
                                <graph_item>
                                    <sortorder>2</sortorder>
                                    <drawtype>0</drawtype>
                                    <color>2774A4</color>
                                    <yaxisside>0</yaxisside>
                                    <calc_fnc>2</calc_fnc>
                                    <type>0</type>
                                    <item>
                                        <host>Qiueer-Template JMX Tomcat With IO-BIO</host>
                                        <key>jmx.tomcat.item[&quot;Catalina:type=ThreadPool,name=http-bio-{#BIZPORT}&quot;,maxThreads,{#JVMPORT}]</key>
                                    </item>
                                </graph_item>
                            </graph_items>
                        </graph_prototype>
                    </graph_prototypes>
                    <host_prototypes/>
                </discovery_rule>
            </discovery_rules>
            <macros/>
            <templates/>
            <screens/>
        </template>
    </templates>
</zabbix_export>
