<?xml version="1.0" encoding="UTF-8"?>
<zabbix_export>
    <version>3.4</version>
    <date>2019-04-23T04:16:26Z</date>
    <groups>
        <group>
            <name>Templates</name>
        </group>
    </groups>
    <templates>
        <template>
            <template>Template TCP monitor</template>
            <name>Template TCP monitor</name>
            <description/>
            <groups>
                <group>
                    <name>Templates</name>
                </group>
            </groups>
            <applications>
                <application>
                    <name>TCP Status</name>
                </application>
            </applications>
            <items>
                <item>
                    <name>TCP_CLOSE_WAIT【等待从本地用户发来的连接中断请求】</name>
                    <type>0</type>
                    <snmp_community/>
                    <snmp_oid/>
                    <key>tcp_status[CLOSE-WAIT]</key>
                    <delay>30</delay>
                    <history>7d</history>
                    <trends>90d</trends>
                    <status>0</status>
                    <value_type>3</value_type>
                    <allowed_hosts/>
                    <units/>
                    <snmpv3_contextname/>
                    <snmpv3_securityname/>
                    <snmpv3_securitylevel>0</snmpv3_securitylevel>
                    <snmpv3_authprotocol>0</snmpv3_authprotocol>
                    <snmpv3_authpassphrase/>
                    <snmpv3_privprotocol>0</snmpv3_privprotocol>
                    <snmpv3_privpassphrase/>
                    <params/>
                    <ipmi_sensor/>
                    <authtype>0</authtype>
                    <username/>
                    <password/>
                    <publickey/>
                    <privatekey/>
                    <port/>
                    <description/>
                    <inventory_link>0</inventory_link>
                    <applications>
                        <application>
                            <name>TCP Status</name>
                        </application>
                    </applications>
                    <valuemap/>
                    <logtimefmt/>
                    <preprocessing/>
                    <jmx_endpoint/>
                    <master_item/>
                </item>
                <item>
                    <name>TCP_CLOSED【没有任何连接状态】</name>
                    <type>0</type>
                    <snmp_community/>
                    <snmp_oid/>
                    <key>tcp_status[CLOSED]</key>
                    <delay>30</delay>
                    <history>7d</history>
                    <trends>90d</trends>
                    <status>0</status>
                    <value_type>3</value_type>
                    <allowed_hosts/>
                    <units/>
                    <snmpv3_contextname/>
                    <snmpv3_securityname/>
                    <snmpv3_securitylevel>0</snmpv3_securitylevel>
                    <snmpv3_authprotocol>0</snmpv3_authprotocol>
                    <snmpv3_authpassphrase/>
                    <snmpv3_privprotocol>0</snmpv3_privprotocol>
                    <snmpv3_privpassphrase/>
                    <params/>
                    <ipmi_sensor/>
                    <authtype>0</authtype>
                    <username/>
                    <password/>
                    <publickey/>
                    <privatekey/>
                    <port/>
                    <description/>
                    <inventory_link>0</inventory_link>
                    <applications>
                        <application>
                            <name>TCP Status</name>
                        </application>
                    </applications>
                    <valuemap/>
                    <logtimefmt/>
                    <preprocessing/>
                    <jmx_endpoint/>
                    <master_item/>
                </item>
                <item>
                    <name>TCP_CLOSING【等待远程TCP对连接中断的确认】</name>
                    <type>0</type>
                    <snmp_community/>
                    <snmp_oid/>
                    <key>tcp_status[CLOSING]</key>
                    <delay>30</delay>
                    <history>7d</history>
                    <trends>90d</trends>
                    <status>0</status>
                    <value_type>3</value_type>
                    <allowed_hosts/>
                    <units/>
                    <snmpv3_contextname/>
                    <snmpv3_securityname/>
                    <snmpv3_securitylevel>0</snmpv3_securitylevel>
                    <snmpv3_authprotocol>0</snmpv3_authprotocol>
                    <snmpv3_authpassphrase/>
                    <snmpv3_privprotocol>0</snmpv3_privprotocol>
                    <snmpv3_privpassphrase/>
                    <params/>
                    <ipmi_sensor/>
                    <authtype>0</authtype>
                    <username/>
                    <password/>
                    <publickey/>
                    <privatekey/>
                    <port/>
                    <description/>
                    <inventory_link>0</inventory_link>
                    <applications>
                        <application>
                            <name>TCP Status</name>
                        </application>
                    </applications>
                    <valuemap/>
                    <logtimefmt/>
                    <preprocessing/>
                    <jmx_endpoint/>
                    <master_item/>
                </item>
                <item>
                    <name>TCP_ESTABLISHED【代表一个打开的连接，数据可以传送给用户】</name>
                    <type>0</type>
                    <snmp_community/>
                    <snmp_oid/>
                    <key>tcp_status[ESTAB]</key>
                    <delay>30</delay>
                    <history>7d</history>
                    <trends>90d</trends>
                    <status>0</status>
                    <value_type>3</value_type>
                    <allowed_hosts/>
                    <units/>
                    <snmpv3_contextname/>
                    <snmpv3_securityname/>
                    <snmpv3_securitylevel>0</snmpv3_securitylevel>
                    <snmpv3_authprotocol>0</snmpv3_authprotocol>
                    <snmpv3_authpassphrase/>
                    <snmpv3_privprotocol>0</snmpv3_privprotocol>
                    <snmpv3_privpassphrase/>
                    <params/>
                    <ipmi_sensor/>
                    <authtype>0</authtype>
                    <username/>
                    <password/>
                    <publickey/>
                    <privatekey/>
                    <port/>
                    <description/>
                    <inventory_link>0</inventory_link>
                    <applications>
                        <application>
                            <name>TCP Status</name>
                        </application>
                    </applications>
                    <valuemap/>
                    <logtimefmt/>
                    <preprocessing/>
                    <jmx_endpoint/>
                    <master_item/>
                </item>
                <item>
                    <name>TCP_FIN WAIT1【等待远程TCP的连接中断请求，或先前的连接中断请求的确认】</name>
                    <type>0</type>
                    <snmp_community/>
                    <snmp_oid/>
                    <key>tcp_status[FIN-WAIT-1]</key>
                    <delay>30</delay>
                    <history>7d</history>
                    <trends>90d</trends>
                    <status>0</status>
                    <value_type>3</value_type>
                    <allowed_hosts/>
                    <units/>
                    <snmpv3_contextname/>
                    <snmpv3_securityname/>
                    <snmpv3_securitylevel>0</snmpv3_securitylevel>
                    <snmpv3_authprotocol>0</snmpv3_authprotocol>
                    <snmpv3_authpassphrase/>
                    <snmpv3_privprotocol>0</snmpv3_privprotocol>
                    <snmpv3_privpassphrase/>
                    <params/>
                    <ipmi_sensor/>
                    <authtype>0</authtype>
                    <username/>
                    <password/>
                    <publickey/>
                    <privatekey/>
                    <port/>
                    <description/>
                    <inventory_link>0</inventory_link>
                    <applications>
                        <application>
                            <name>TCP Status</name>
                        </application>
                    </applications>
                    <valuemap/>
                    <logtimefmt/>
                    <preprocessing/>
                    <jmx_endpoint/>
                    <master_item/>
                </item>
                <item>
                    <name>TCP_FIN WAIT2【从远程TCP等待连接中断请求】</name>
                    <type>0</type>
                    <snmp_community/>
                    <snmp_oid/>
                    <key>tcp_status[FIN-WAIT-2]</key>
                    <delay>30</delay>
                    <history>7d</history>
                    <trends>90d</trends>
                    <status>0</status>
                    <value_type>3</value_type>
                    <allowed_hosts/>
                    <units/>
                    <snmpv3_contextname/>
                    <snmpv3_securityname/>
                    <snmpv3_securitylevel>0</snmpv3_securitylevel>
                    <snmpv3_authprotocol>0</snmpv3_authprotocol>
                    <snmpv3_authpassphrase/>
                    <snmpv3_privprotocol>0</snmpv3_privprotocol>
                    <snmpv3_privpassphrase/>
                    <params/>
                    <ipmi_sensor/>
                    <authtype>0</authtype>
                    <username/>
                    <password/>
                    <publickey/>
                    <privatekey/>
                    <port/>
                    <description/>
                    <inventory_link>0</inventory_link>
                    <applications>
                        <application>
                            <name>TCP Status</name>
                        </application>
                    </applications>
                    <valuemap/>
                    <logtimefmt/>
                    <preprocessing/>
                    <jmx_endpoint/>
                    <master_item/>
                </item>
                <item>
                    <name>TCP_LAST ACK【等待原来发向远程TCP的连接中断请求的确认】</name>
                    <type>0</type>
                    <snmp_community/>
                    <snmp_oid/>
                    <key>tcp_status[LAST-ACK]</key>
                    <delay>30</delay>
                    <history>7d</history>
                    <trends>90d</trends>
                    <status>0</status>
                    <value_type>3</value_type>
                    <allowed_hosts/>
                    <units/>
                    <snmpv3_contextname/>
                    <snmpv3_securityname/>
                    <snmpv3_securitylevel>0</snmpv3_securitylevel>
                    <snmpv3_authprotocol>0</snmpv3_authprotocol>
                    <snmpv3_authpassphrase/>
                    <snmpv3_privprotocol>0</snmpv3_privprotocol>
                    <snmpv3_privpassphrase/>
                    <params/>
                    <ipmi_sensor/>
                    <authtype>0</authtype>
                    <username/>
                    <password/>
                    <publickey/>
                    <privatekey/>
                    <port/>
                    <description/>
                    <inventory_link>0</inventory_link>
                    <applications>
                        <application>
                            <name>TCP Status</name>
                        </application>
                    </applications>
                    <valuemap/>
                    <logtimefmt/>
                    <preprocessing/>
                    <jmx_endpoint/>
                    <master_item/>
                </item>
                <item>
                    <name>TCP_LISTEN【侦听来自远方TCP端口的连接请求】</name>
                    <type>0</type>
                    <snmp_community/>
                    <snmp_oid/>
                    <key>tcp_status[LISTEN]</key>
                    <delay>30</delay>
                    <history>7d</history>
                    <trends>90d</trends>
                    <status>0</status>
                    <value_type>3</value_type>
                    <allowed_hosts/>
                    <units/>
                    <snmpv3_contextname/>
                    <snmpv3_securityname/>
                    <snmpv3_securitylevel>0</snmpv3_securitylevel>
                    <snmpv3_authprotocol>0</snmpv3_authprotocol>
                    <snmpv3_authpassphrase/>
                    <snmpv3_privprotocol>0</snmpv3_privprotocol>
                    <snmpv3_privpassphrase/>
                    <params/>
                    <ipmi_sensor/>
                    <authtype>0</authtype>
                    <username/>
                    <password/>
                    <publickey/>
                    <privatekey/>
                    <port/>
                    <description/>
                    <inventory_link>0</inventory_link>
                    <applications>
                        <application>
                            <name>TCP Status</name>
                        </application>
                    </applications>
                    <valuemap/>
                    <logtimefmt/>
                    <preprocessing/>
                    <jmx_endpoint/>
                    <master_item/>
                </item>
                <item>
                    <name>TCP_SYN RECV【在收到和发送一个连接请求后等待对连接请求的确认】</name>
                    <type>0</type>
                    <snmp_community/>
                    <snmp_oid/>
                    <key>tcp_status[SYN-RECV]</key>
                    <delay>30</delay>
                    <history>7d</history>
                    <trends>90d</trends>
                    <status>0</status>
                    <value_type>3</value_type>
                    <allowed_hosts/>
                    <units/>
                    <snmpv3_contextname/>
                    <snmpv3_securityname/>
                    <snmpv3_securitylevel>0</snmpv3_securitylevel>
                    <snmpv3_authprotocol>0</snmpv3_authprotocol>
                    <snmpv3_authpassphrase/>
                    <snmpv3_privprotocol>0</snmpv3_privprotocol>
                    <snmpv3_privpassphrase/>
                    <params/>
                    <ipmi_sensor/>
                    <authtype>0</authtype>
                    <username/>
                    <password/>
                    <publickey/>
                    <privatekey/>
                    <port/>
                    <description/>
                    <inventory_link>0</inventory_link>
                    <applications>
                        <application>
                            <name>TCP Status</name>
                        </application>
                    </applications>
                    <valuemap/>
                    <logtimefmt/>
                    <preprocessing/>
                    <jmx_endpoint/>
                    <master_item/>
                </item>
                <item>
                    <name>TCP_SYN SENT【在发送连接请求后等待匹配的连接请求】</name>
                    <type>0</type>
                    <snmp_community/>
                    <snmp_oid/>
                    <key>tcp_status[SYN-SENT]</key>
                    <delay>30</delay>
                    <history>7d</history>
                    <trends>90d</trends>
                    <status>0</status>
                    <value_type>3</value_type>
                    <allowed_hosts/>
                    <units/>
                    <snmpv3_contextname/>
                    <snmpv3_securityname/>
                    <snmpv3_securitylevel>0</snmpv3_securitylevel>
                    <snmpv3_authprotocol>0</snmpv3_authprotocol>
                    <snmpv3_authpassphrase/>
                    <snmpv3_privprotocol>0</snmpv3_privprotocol>
                    <snmpv3_privpassphrase/>
                    <params/>
                    <ipmi_sensor/>
                    <authtype>0</authtype>
                    <username/>
                    <password/>
                    <publickey/>
                    <privatekey/>
                    <port/>
                    <description/>
                    <inventory_link>0</inventory_link>
                    <applications>
                        <application>
                            <name>TCP Status</name>
                        </application>
                    </applications>
                    <valuemap/>
                    <logtimefmt/>
                    <preprocessing/>
                    <jmx_endpoint/>
                    <master_item/>
                </item>
                <item>
                    <name>TCP_TIME WAIT【等待足够的时间以确保远程TCP接收到连接中断请求的确认】</name>
                    <type>0</type>
                    <snmp_community/>
                    <snmp_oid/>
                    <key>tcp_status[TIME-WAIT]</key>
                    <delay>30</delay>
                    <history>7d</history>
                    <trends>90d</trends>
                    <status>0</status>
                    <value_type>3</value_type>
                    <allowed_hosts/>
                    <units/>
                    <snmpv3_contextname/>
                    <snmpv3_securityname/>
                    <snmpv3_securitylevel>0</snmpv3_securitylevel>
                    <snmpv3_authprotocol>0</snmpv3_authprotocol>
                    <snmpv3_authpassphrase/>
                    <snmpv3_privprotocol>0</snmpv3_privprotocol>
                    <snmpv3_privpassphrase/>
                    <params/>
                    <ipmi_sensor/>
                    <authtype>0</authtype>
                    <username/>
                    <password/>
                    <publickey/>
                    <privatekey/>
                    <port/>
                    <description/>
                    <inventory_link>0</inventory_link>
                    <applications>
                        <application>
                            <name>TCP Status</name>
                        </application>
                    </applications>
                    <valuemap/>
                    <logtimefmt/>
                    <preprocessing/>
                    <jmx_endpoint/>
                    <master_item/>
                </item>
            </items>
            <discovery_rules/>
            <httptests/>
            <macros/>
            <templates/>
            <screens>
                <screen>
                    <name>TCP Status</name>
                    <hsize>3</hsize>
                    <vsize>6</vsize>
                    <screen_items>
                        <screen_item>
                            <resourcetype>0</resourcetype>
                            <width>500</width>
                            <height>100</height>
                            <x>1</x>
                            <y>0</y>
                            <colspan>1</colspan>
                            <rowspan>1</rowspan>
                            <elements>0</elements>
                            <valign>0</valign>
                            <halign>0</halign>
                            <style>0</style>
                            <url/>
                            <dynamic>0</dynamic>
                            <sort_triggers>0</sort_triggers>
                            <resource>
                                <name>TCP Status All</name>
                                <host>Template TCP monitor</host>
                            </resource>
                            <max_columns>3</max_columns>
                            <application/>
                        </screen_item>
                        <screen_item>
                            <resourcetype>0</resourcetype>
                            <width>500</width>
                            <height>100</height>
                            <x>2</x>
                            <y>0</y>
                            <colspan>1</colspan>
                            <rowspan>1</rowspan>
                            <elements>0</elements>
                            <valign>0</valign>
                            <halign>0</halign>
                            <style>0</style>
                            <url/>
                            <dynamic>0</dynamic>
                            <sort_triggers>0</sort_triggers>
                            <resource>
                                <name>TCP_CLOSED【没有任何连接状态】</name>
                                <host>Template TCP monitor</host>
                            </resource>
                            <max_columns>3</max_columns>
                            <application/>
                        </screen_item>
                        <screen_item>
                            <resourcetype>0</resourcetype>
                            <width>500</width>
                            <height>100</height>
                            <x>1</x>
                            <y>1</y>
                            <colspan>1</colspan>
                            <rowspan>1</rowspan>
                            <elements>0</elements>
                            <valign>0</valign>
                            <halign>0</halign>
                            <style>0</style>
                            <url/>
                            <dynamic>0</dynamic>
                            <sort_triggers>0</sort_triggers>
                            <resource>
                                <name>TCP_CLOSE_WAIT【等待从本地用户发来的连接中断请求】</name>
                                <host>Template TCP monitor</host>
                            </resource>
                            <max_columns>3</max_columns>
                            <application/>
                        </screen_item>
                        <screen_item>
                            <resourcetype>0</resourcetype>
                            <width>500</width>
                            <height>100</height>
                            <x>2</x>
                            <y>1</y>
                            <colspan>1</colspan>
                            <rowspan>1</rowspan>
                            <elements>0</elements>
                            <valign>0</valign>
                            <halign>0</halign>
                            <style>0</style>
                            <url/>
                            <dynamic>0</dynamic>
                            <sort_triggers>0</sort_triggers>
                            <resource>
                                <name>CLOSING【等待远程TCP对连接中断的确认】</name>
                                <host>Template TCP monitor</host>
                            </resource>
                            <max_columns>3</max_columns>
                            <application/>
                        </screen_item>
                        <screen_item>
                            <resourcetype>0</resourcetype>
                            <width>500</width>
                            <height>100</height>
                            <x>1</x>
                            <y>2</y>
                            <colspan>1</colspan>
                            <rowspan>1</rowspan>
                            <elements>0</elements>
                            <valign>0</valign>
                            <halign>0</halign>
                            <style>0</style>
                            <url/>
                            <dynamic>0</dynamic>
                            <sort_triggers>0</sort_triggers>
                            <resource>
                                <name>ESTABLISHED【代表一个打开的连接，数据可以传送给用户】</name>
                                <host>Template TCP monitor</host>
                            </resource>
                            <max_columns>3</max_columns>
                            <application/>
                        </screen_item>
                        <screen_item>
                            <resourcetype>0</resourcetype>
                            <width>500</width>
                            <height>100</height>
                            <x>2</x>
                            <y>2</y>
                            <colspan>1</colspan>
                            <rowspan>1</rowspan>
                            <elements>0</elements>
                            <valign>0</valign>
                            <halign>0</halign>
                            <style>0</style>
                            <url/>
                            <dynamic>0</dynamic>
                            <sort_triggers>0</sort_triggers>
                            <resource>
                                <name>LAST ACK【等待原来发向远程TCP的连接中断请求的确认】</name>
                                <host>Template TCP monitor</host>
                            </resource>
                            <max_columns>3</max_columns>
                            <application/>
                        </screen_item>
                        <screen_item>
                            <resourcetype>0</resourcetype>
                            <width>500</width>
                            <height>100</height>
                            <x>1</x>
                            <y>3</y>
                            <colspan>1</colspan>
                            <rowspan>1</rowspan>
                            <elements>0</elements>
                            <valign>0</valign>
                            <halign>0</halign>
                            <style>0</style>
                            <url/>
                            <dynamic>0</dynamic>
                            <sort_triggers>0</sort_triggers>
                            <resource>
                                <name>FIN WAIT1【等待远程TCP的连接中断请求，或先前的连接中断请求的确认】</name>
                                <host>Template TCP monitor</host>
                            </resource>
                            <max_columns>3</max_columns>
                            <application/>
                        </screen_item>
                        <screen_item>
                            <resourcetype>0</resourcetype>
                            <width>500</width>
                            <height>100</height>
                            <x>2</x>
                            <y>3</y>
                            <colspan>1</colspan>
                            <rowspan>1</rowspan>
                            <elements>0</elements>
                            <valign>0</valign>
                            <halign>0</halign>
                            <style>0</style>
                            <url/>
                            <dynamic>0</dynamic>
                            <sort_triggers>0</sort_triggers>
                            <resource>
                                <name>FIN WAIT2【从远程TCP等待连接中断请求】</name>
                                <host>Template TCP monitor</host>
                            </resource>
                            <max_columns>3</max_columns>
                            <application/>
                        </screen_item>
                        <screen_item>
                            <resourcetype>0</resourcetype>
                            <width>500</width>
                            <height>100</height>
                            <x>1</x>
                            <y>4</y>
                            <colspan>1</colspan>
                            <rowspan>1</rowspan>
                            <elements>0</elements>
                            <valign>0</valign>
                            <halign>0</halign>
                            <style>0</style>
                            <url/>
                            <dynamic>0</dynamic>
                            <sort_triggers>0</sort_triggers>
                            <resource>
                                <name>LISTEN【侦听来自远方TCP端口的连接请求】</name>
                                <host>Template TCP monitor</host>
                            </resource>
                            <max_columns>3</max_columns>
                            <application/>
                        </screen_item>
                        <screen_item>
                            <resourcetype>0</resourcetype>
                            <width>500</width>
                            <height>100</height>
                            <x>2</x>
                            <y>4</y>
                            <colspan>1</colspan>
                            <rowspan>1</rowspan>
                            <elements>0</elements>
                            <valign>0</valign>
                            <halign>0</halign>
                            <style>0</style>
                            <url/>
                            <dynamic>0</dynamic>
                            <sort_triggers>0</sort_triggers>
                            <resource>
                                <name>SYN RECV【在收到和发送一个连接请求后等待对连接请求的确认】</name>
                                <host>Template TCP monitor</host>
                            </resource>
                            <max_columns>3</max_columns>
                            <application/>
                        </screen_item>
                        <screen_item>
                            <resourcetype>0</resourcetype>
                            <width>500</width>
                            <height>100</height>
                            <x>1</x>
                            <y>5</y>
                            <colspan>1</colspan>
                            <rowspan>1</rowspan>
                            <elements>0</elements>
                            <valign>0</valign>
                            <halign>0</halign>
                            <style>0</style>
                            <url/>
                            <dynamic>0</dynamic>
                            <sort_triggers>0</sort_triggers>
                            <resource>
                                <name>SYN SENT【在发送连接请求后等待匹配的连接请求】</name>
                                <host>Template TCP monitor</host>
                            </resource>
                            <max_columns>3</max_columns>
                            <application/>
                        </screen_item>
                        <screen_item>
                            <resourcetype>0</resourcetype>
                            <width>500</width>
                            <height>100</height>
                            <x>2</x>
                            <y>5</y>
                            <colspan>1</colspan>
                            <rowspan>1</rowspan>
                            <elements>0</elements>
                            <valign>0</valign>
                            <halign>0</halign>
                            <style>0</style>
                            <url/>
                            <dynamic>0</dynamic>
                            <sort_triggers>0</sort_triggers>
                            <resource>
                                <name>TIME WAIT【等待足够的时间以确保远程TCP接收到连接中断请求的确认】</name>
                                <host>Template TCP monitor</host>
                            </resource>
                            <max_columns>3</max_columns>
                            <application/>
                        </screen_item>
                    </screen_items>
                </screen>
            </screens>
        </template>
    </templates>
    <triggers>
        <trigger>
            <expression>{Template TCP monitor:tcp_status[CLOSE-WAIT].last()}&gt;500</expression>
            <recovery_mode>0</recovery_mode>
            <recovery_expression/>
            <name>TCP_CLOSE_WAIT &gt; 500</name>
            <correlation_mode>0</correlation_mode>
            <correlation_tag/>
            <url/>
            <status>0</status>
            <priority>2</priority>
            <description/>
            <type>0</type>
            <manual_close>0</manual_close>
            <dependencies/>
            <tags/>
        </trigger>
        <trigger>
            <expression>{Template TCP monitor:tcp_status[CLOSE-WAIT].last()}&gt;1000</expression>
            <recovery_mode>0</recovery_mode>
            <recovery_expression/>
            <name>TCP_CLOSE_WAIT &gt; 1000</name>
            <correlation_mode>0</correlation_mode>
            <correlation_tag/>
            <url/>
            <status>0</status>
            <priority>4</priority>
            <description/>
            <type>0</type>
            <manual_close>0</manual_close>
            <dependencies/>
            <tags/>
        </trigger>
    </triggers>
    <graphs>
        <graph>
            <name>CLOSING【等待远程TCP对连接中断的确认】</name>
            <width>900</width>
            <height>200</height>
            <yaxismin>0.0000</yaxismin>
            <yaxismax>100.0000</yaxismax>
            <show_work_period>1</show_work_period>
            <show_triggers>1</show_triggers>
            <type>0</type>
            <show_legend>1</show_legend>
            <show_3d>0</show_3d>
            <percent_left>0.0000</percent_left>
            <percent_right>0.0000</percent_right>
            <ymin_type_1>0</ymin_type_1>
            <ymax_type_1>0</ymax_type_1>
            <ymin_item_1>0</ymin_item_1>
            <ymax_item_1>0</ymax_item_1>
            <graph_items>
                <graph_item>
                    <sortorder>0</sortorder>
                    <drawtype>0</drawtype>
                    <color>1A7C11</color>
                    <yaxisside>0</yaxisside>
                    <calc_fnc>2</calc_fnc>
                    <type>0</type>
                    <item>
                        <host>Template TCP monitor</host>
                        <key>tcp_status[CLOSING]</key>
                    </item>
                </graph_item>
            </graph_items>
        </graph>
        <graph>
            <name>ESTABLISHED【代表一个打开的连接，数据可以传送给用户】</name>
            <width>900</width>
            <height>200</height>
            <yaxismin>0.0000</yaxismin>
            <yaxismax>100.0000</yaxismax>
            <show_work_period>1</show_work_period>
            <show_triggers>1</show_triggers>
            <type>0</type>
            <show_legend>1</show_legend>
            <show_3d>0</show_3d>
            <percent_left>0.0000</percent_left>
            <percent_right>0.0000</percent_right>
            <ymin_type_1>0</ymin_type_1>
            <ymax_type_1>0</ymax_type_1>
            <ymin_item_1>0</ymin_item_1>
            <ymax_item_1>0</ymax_item_1>
            <graph_items>
                <graph_item>
                    <sortorder>0</sortorder>
                    <drawtype>0</drawtype>
                    <color>1A7C11</color>
                    <yaxisside>0</yaxisside>
                    <calc_fnc>2</calc_fnc>
                    <type>0</type>
                    <item>
                        <host>Template TCP monitor</host>
                        <key>tcp_status[ESTAB]</key>
                    </item>
                </graph_item>
            </graph_items>
        </graph>
        <graph>
            <name>FIN WAIT1【等待远程TCP的连接中断请求，或先前的连接中断请求的确认】</name>
            <width>900</width>
            <height>200</height>
            <yaxismin>0.0000</yaxismin>
            <yaxismax>100.0000</yaxismax>
            <show_work_period>1</show_work_period>
            <show_triggers>1</show_triggers>
            <type>0</type>
            <show_legend>1</show_legend>
            <show_3d>0</show_3d>
            <percent_left>0.0000</percent_left>
            <percent_right>0.0000</percent_right>
            <ymin_type_1>0</ymin_type_1>
            <ymax_type_1>0</ymax_type_1>
            <ymin_item_1>0</ymin_item_1>
            <ymax_item_1>0</ymax_item_1>
            <graph_items>
                <graph_item>
                    <sortorder>0</sortorder>
                    <drawtype>0</drawtype>
                    <color>1A7C11</color>
                    <yaxisside>0</yaxisside>
                    <calc_fnc>2</calc_fnc>
                    <type>0</type>
                    <item>
                        <host>Template TCP monitor</host>
                        <key>tcp_status[FIN-WAIT-1]</key>
                    </item>
                </graph_item>
            </graph_items>
        </graph>
        <graph>
            <name>FIN WAIT2【从远程TCP等待连接中断请求】</name>
            <width>900</width>
            <height>200</height>
            <yaxismin>0.0000</yaxismin>
            <yaxismax>100.0000</yaxismax>
            <show_work_period>1</show_work_period>
            <show_triggers>1</show_triggers>
            <type>0</type>
            <show_legend>1</show_legend>
            <show_3d>0</show_3d>
            <percent_left>0.0000</percent_left>
            <percent_right>0.0000</percent_right>
            <ymin_type_1>0</ymin_type_1>
            <ymax_type_1>0</ymax_type_1>
            <ymin_item_1>0</ymin_item_1>
            <ymax_item_1>0</ymax_item_1>
            <graph_items>
                <graph_item>
                    <sortorder>0</sortorder>
                    <drawtype>0</drawtype>
                    <color>1A7C11</color>
                    <yaxisside>0</yaxisside>
                    <calc_fnc>2</calc_fnc>
                    <type>0</type>
                    <item>
                        <host>Template TCP monitor</host>
                        <key>tcp_status[FIN-WAIT-2]</key>
                    </item>
                </graph_item>
            </graph_items>
        </graph>
        <graph>
            <name>LAST ACK【等待原来发向远程TCP的连接中断请求的确认】</name>
            <width>900</width>
            <height>200</height>
            <yaxismin>0.0000</yaxismin>
            <yaxismax>100.0000</yaxismax>
            <show_work_period>1</show_work_period>
            <show_triggers>1</show_triggers>
            <type>0</type>
            <show_legend>1</show_legend>
            <show_3d>0</show_3d>
            <percent_left>0.0000</percent_left>
            <percent_right>0.0000</percent_right>
            <ymin_type_1>0</ymin_type_1>
            <ymax_type_1>0</ymax_type_1>
            <ymin_item_1>0</ymin_item_1>
            <ymax_item_1>0</ymax_item_1>
            <graph_items>
                <graph_item>
                    <sortorder>0</sortorder>
                    <drawtype>0</drawtype>
                    <color>1A7C11</color>
                    <yaxisside>0</yaxisside>
                    <calc_fnc>2</calc_fnc>
                    <type>0</type>
                    <item>
                        <host>Template TCP monitor</host>
                        <key>tcp_status[LAST-ACK]</key>
                    </item>
                </graph_item>
            </graph_items>
        </graph>
        <graph>
            <name>LISTEN【侦听来自远方TCP端口的连接请求】</name>
            <width>900</width>
            <height>200</height>
            <yaxismin>0.0000</yaxismin>
            <yaxismax>100.0000</yaxismax>
            <show_work_period>1</show_work_period>
            <show_triggers>1</show_triggers>
            <type>0</type>
            <show_legend>1</show_legend>
            <show_3d>0</show_3d>
            <percent_left>0.0000</percent_left>
            <percent_right>0.0000</percent_right>
            <ymin_type_1>0</ymin_type_1>
            <ymax_type_1>0</ymax_type_1>
            <ymin_item_1>0</ymin_item_1>
            <ymax_item_1>0</ymax_item_1>
            <graph_items>
                <graph_item>
                    <sortorder>0</sortorder>
                    <drawtype>0</drawtype>
                    <color>1A7C11</color>
                    <yaxisside>0</yaxisside>
                    <calc_fnc>2</calc_fnc>
                    <type>0</type>
                    <item>
                        <host>Template TCP monitor</host>
                        <key>tcp_status[LISTEN]</key>
                    </item>
                </graph_item>
            </graph_items>
        </graph>
        <graph>
            <name>SYN RECV【在收到和发送一个连接请求后等待对连接请求的确认】</name>
            <width>900</width>
            <height>200</height>
            <yaxismin>0.0000</yaxismin>
            <yaxismax>100.0000</yaxismax>
            <show_work_period>1</show_work_period>
            <show_triggers>1</show_triggers>
            <type>0</type>
            <show_legend>1</show_legend>
            <show_3d>0</show_3d>
            <percent_left>0.0000</percent_left>
            <percent_right>0.0000</percent_right>
            <ymin_type_1>0</ymin_type_1>
            <ymax_type_1>0</ymax_type_1>
            <ymin_item_1>0</ymin_item_1>
            <ymax_item_1>0</ymax_item_1>
            <graph_items>
                <graph_item>
                    <sortorder>0</sortorder>
                    <drawtype>0</drawtype>
                    <color>1A7C11</color>
                    <yaxisside>0</yaxisside>
                    <calc_fnc>2</calc_fnc>
                    <type>0</type>
                    <item>
                        <host>Template TCP monitor</host>
                        <key>tcp_status[SYN-RECV]</key>
                    </item>
                </graph_item>
            </graph_items>
        </graph>
        <graph>
            <name>SYN SENT【在发送连接请求后等待匹配的连接请求】</name>
            <width>900</width>
            <height>200</height>
            <yaxismin>0.0000</yaxismin>
            <yaxismax>100.0000</yaxismax>
            <show_work_period>1</show_work_period>
            <show_triggers>1</show_triggers>
            <type>0</type>
            <show_legend>1</show_legend>
            <show_3d>0</show_3d>
            <percent_left>0.0000</percent_left>
            <percent_right>0.0000</percent_right>
            <ymin_type_1>0</ymin_type_1>
            <ymax_type_1>0</ymax_type_1>
            <ymin_item_1>0</ymin_item_1>
            <ymax_item_1>0</ymax_item_1>
            <graph_items>
                <graph_item>
                    <sortorder>0</sortorder>
                    <drawtype>0</drawtype>
                    <color>1A7C11</color>
                    <yaxisside>0</yaxisside>
                    <calc_fnc>2</calc_fnc>
                    <type>0</type>
                    <item>
                        <host>Template TCP monitor</host>
                        <key>tcp_status[SYN-SENT]</key>
                    </item>
                </graph_item>
            </graph_items>
        </graph>
        <graph>
            <name>TCP Status All</name>
            <width>900</width>
            <height>200</height>
            <yaxismin>0.0000</yaxismin>
            <yaxismax>100.0000</yaxismax>
            <show_work_period>1</show_work_period>
            <show_triggers>1</show_triggers>
            <type>0</type>
            <show_legend>1</show_legend>
            <show_3d>0</show_3d>
            <percent_left>0.0000</percent_left>
            <percent_right>0.0000</percent_right>
            <ymin_type_1>0</ymin_type_1>
            <ymax_type_1>0</ymax_type_1>
            <ymin_item_1>0</ymin_item_1>
            <ymax_item_1>0</ymax_item_1>
            <graph_items>
                <graph_item>
                    <sortorder>0</sortorder>
                    <drawtype>0</drawtype>
                    <color>1A7C11</color>
                    <yaxisside>0</yaxisside>
                    <calc_fnc>2</calc_fnc>
                    <type>0</type>
                    <item>
                        <host>Template TCP monitor</host>
                        <key>tcp_status[CLOSED]</key>
                    </item>
                </graph_item>
                <graph_item>
                    <sortorder>1</sortorder>
                    <drawtype>0</drawtype>
                    <color>F63100</color>
                    <yaxisside>0</yaxisside>
                    <calc_fnc>2</calc_fnc>
                    <type>0</type>
                    <item>
                        <host>Template TCP monitor</host>
                        <key>tcp_status[CLOSE-WAIT]</key>
                    </item>
                </graph_item>
                <graph_item>
                    <sortorder>2</sortorder>
                    <drawtype>0</drawtype>
                    <color>2774A4</color>
                    <yaxisside>0</yaxisside>
                    <calc_fnc>2</calc_fnc>
                    <type>0</type>
                    <item>
                        <host>Template TCP monitor</host>
                        <key>tcp_status[CLOSING]</key>
                    </item>
                </graph_item>
                <graph_item>
                    <sortorder>3</sortorder>
                    <drawtype>0</drawtype>
                    <color>A54F10</color>
                    <yaxisside>0</yaxisside>
                    <calc_fnc>2</calc_fnc>
                    <type>0</type>
                    <item>
                        <host>Template TCP monitor</host>
                        <key>tcp_status[ESTAB]</key>
                    </item>
                </graph_item>
                <graph_item>
                    <sortorder>4</sortorder>
                    <drawtype>0</drawtype>
                    <color>FC6EA3</color>
                    <yaxisside>0</yaxisside>
                    <calc_fnc>2</calc_fnc>
                    <type>0</type>
                    <item>
                        <host>Template TCP monitor</host>
                        <key>tcp_status[FIN-WAIT-1]</key>
                    </item>
                </graph_item>
                <graph_item>
                    <sortorder>5</sortorder>
                    <drawtype>0</drawtype>
                    <color>6C59DC</color>
                    <yaxisside>0</yaxisside>
                    <calc_fnc>2</calc_fnc>
                    <type>0</type>
                    <item>
                        <host>Template TCP monitor</host>
                        <key>tcp_status[FIN-WAIT-2]</key>
                    </item>
                </graph_item>
                <graph_item>
                    <sortorder>6</sortorder>
                    <drawtype>0</drawtype>
                    <color>AC8C14</color>
                    <yaxisside>0</yaxisside>
                    <calc_fnc>2</calc_fnc>
                    <type>0</type>
                    <item>
                        <host>Template TCP monitor</host>
                        <key>tcp_status[LAST-ACK]</key>
                    </item>
                </graph_item>
                <graph_item>
                    <sortorder>7</sortorder>
                    <drawtype>0</drawtype>
                    <color>611F27</color>
                    <yaxisside>0</yaxisside>
                    <calc_fnc>2</calc_fnc>
                    <type>0</type>
                    <item>
                        <host>Template TCP monitor</host>
                        <key>tcp_status[LISTEN]</key>
                    </item>
                </graph_item>
                <graph_item>
                    <sortorder>8</sortorder>
                    <drawtype>0</drawtype>
                    <color>F230E0</color>
                    <yaxisside>0</yaxisside>
                    <calc_fnc>2</calc_fnc>
                    <type>0</type>
                    <item>
                        <host>Template TCP monitor</host>
                        <key>tcp_status[SYN-RECV]</key>
                    </item>
                </graph_item>
                <graph_item>
                    <sortorder>9</sortorder>
                    <drawtype>0</drawtype>
                    <color>5CCD18</color>
                    <yaxisside>0</yaxisside>
                    <calc_fnc>2</calc_fnc>
                    <type>0</type>
                    <item>
                        <host>Template TCP monitor</host>
                        <key>tcp_status[SYN-SENT]</key>
                    </item>
                </graph_item>
                <graph_item>
                    <sortorder>10</sortorder>
                    <drawtype>0</drawtype>
                    <color>BB2A02</color>
                    <yaxisside>0</yaxisside>
                    <calc_fnc>2</calc_fnc>
                    <type>0</type>
                    <item>
                        <host>Template TCP monitor</host>
                        <key>tcp_status[TIME-WAIT]</key>
                    </item>
                </graph_item>
            </graph_items>
        </graph>
        <graph>
            <name>TCP_CLOSED【没有任何连接状态】</name>
            <width>900</width>
            <height>200</height>
            <yaxismin>0.0000</yaxismin>
            <yaxismax>100.0000</yaxismax>
            <show_work_period>1</show_work_period>
            <show_triggers>1</show_triggers>
            <type>0</type>
            <show_legend>1</show_legend>
            <show_3d>0</show_3d>
            <percent_left>0.0000</percent_left>
            <percent_right>0.0000</percent_right>
            <ymin_type_1>0</ymin_type_1>
            <ymax_type_1>0</ymax_type_1>
            <ymin_item_1>0</ymin_item_1>
            <ymax_item_1>0</ymax_item_1>
            <graph_items>
                <graph_item>
                    <sortorder>0</sortorder>
                    <drawtype>0</drawtype>
                    <color>1A7C11</color>
                    <yaxisside>0</yaxisside>
                    <calc_fnc>2</calc_fnc>
                    <type>0</type>
                    <item>
                        <host>Template TCP monitor</host>
                        <key>tcp_status[CLOSED]</key>
                    </item>
                </graph_item>
            </graph_items>
        </graph>
        <graph>
            <name>TCP_CLOSE_WAIT【等待从本地用户发来的连接中断请求】</name>
            <width>900</width>
            <height>200</height>
            <yaxismin>0.0000</yaxismin>
            <yaxismax>100.0000</yaxismax>
            <show_work_period>1</show_work_period>
            <show_triggers>1</show_triggers>
            <type>0</type>
            <show_legend>1</show_legend>
            <show_3d>0</show_3d>
            <percent_left>0.0000</percent_left>
            <percent_right>0.0000</percent_right>
            <ymin_type_1>0</ymin_type_1>
            <ymax_type_1>0</ymax_type_1>
            <ymin_item_1>0</ymin_item_1>
            <ymax_item_1>0</ymax_item_1>
            <graph_items>
                <graph_item>
                    <sortorder>0</sortorder>
                    <drawtype>0</drawtype>
                    <color>1A7C11</color>
                    <yaxisside>0</yaxisside>
                    <calc_fnc>2</calc_fnc>
                    <type>0</type>
                    <item>
                        <host>Template TCP monitor</host>
                        <key>tcp_status[CLOSE-WAIT]</key>
                    </item>
                </graph_item>
            </graph_items>
        </graph>
        <graph>
            <name>TIME WAIT【等待足够的时间以确保远程TCP接收到连接中断请求的确认】</name>
            <width>900</width>
            <height>200</height>
            <yaxismin>0.0000</yaxismin>
            <yaxismax>100.0000</yaxismax>
            <show_work_period>1</show_work_period>
            <show_triggers>1</show_triggers>
            <type>0</type>
            <show_legend>1</show_legend>
            <show_3d>0</show_3d>
            <percent_left>0.0000</percent_left>
            <percent_right>0.0000</percent_right>
            <ymin_type_1>0</ymin_type_1>
            <ymax_type_1>0</ymax_type_1>
            <ymin_item_1>0</ymin_item_1>
            <ymax_item_1>0</ymax_item_1>
            <graph_items>
                <graph_item>
                    <sortorder>0</sortorder>
                    <drawtype>0</drawtype>
                    <color>1A7C11</color>
                    <yaxisside>0</yaxisside>
                    <calc_fnc>2</calc_fnc>
                    <type>0</type>
                    <item>
                        <host>Template TCP monitor</host>
                        <key>tcp_status[TIME-WAIT]</key>
                    </item>
                </graph_item>
            </graph_items>
        </graph>
    </graphs>
</zabbix_export>
